date,year,month,day,date_type,line_name,station_name,daily_in_passengers,daily_out_passengers,daily_total_passengers
2026-04-01,2026,4,1,평일,2호선,홍대입구역,73700,77510,151210
2026-04-01,2026,4,1,평일,경의중앙선,홍대입구역,2248,2595,4843
2026-04-01,2026,4,1,평일,공항철도,홍대입구역,16047,15760,31807
2026-04-02,2026,4,2,평일,2호선,홍대입구역,78603,82577,161180
2026-04-02,2026,4,2,평일,경의중앙선,홍대입구역,2411,2723,5134
2026-04-02,2026,4,2,평일,공항철도,홍대입구역,17206,16567,33773
2026-04-03,2026,4,3,평일,2호선,홍대입구역,87730,96404,184134
2026-04-03,2026,4,3,평일,경의중앙선,홍대입구역,2819,3375,6194
2026-04-03,2026,4,3,평일,공항철도,홍대입구역,20317,19643,39960
2026-04-04,2026,4,4,주말,2호선,홍대입구역,96426,107202,203628
2026-04-04,2026,4,4,주말,경의중앙선,홍대입구역,3423,4025,7448
2026-04-04,2026,4,4,주말,공항철도,홍대입구역,25876,23464,49340
2026-04-05,2026,4,5,주말,2호선,홍대입구역,81083,81363,162446
2026-04-05,2026,4,5,주말,경의중앙선,홍대입구역,2918,3415,6333
2026-04-05,2026,4,5,주말,공항철도,홍대입구역,22363,18447,40810
2026-04-06,2026,4,6,평일,2호선,홍대입구역,76392,78718,155110
2026-04-06,2026,4,6,평일,경의중앙선,홍대입구역,2330,2693,5023
2026-04-06,2026,4,6,평일,공항철도,홍대입구역,17528,16114,33642
2026-04-07,2026,4,7,평일,2호선,홍대입구역,75958,78464,154422
2026-04-07,2026,4,7,평일,경의중앙선,홍대입구역,2144,2497,4641
2026-04-07,2026,4,7,평일,공항철도,홍대입구역,16502,14969,31471
2026-04-08,2026,4,8,평일,2호선,홍대입구역,76513,79873,156386
2026-04-08,2026,4,8,평일,경의중앙선,홍대입구역,2534,2779,5313
2026-04-08,2026,4,8,평일,공항철도,홍대입구역,16783,16132,32915
2026-04-09,2026,4,9,평일,2호선,홍대입구역,70106,73322,143428
2026-04-09,2026,4,9,평일,경의중앙선,홍대입구역,2158,2595,4753
2026-04-09,2026,4,9,평일,공항철도,홍대입구역,14703,14512,29215
2026-04-10,2026,4,10,평일,2호선,홍대입구역,84500,93939,178439
2026-04-10,2026,4,10,평일,경의중앙선,홍대입구역,2992,3370,6362
2026-04-10,2026,4,10,평일,공항철도,홍대입구역,19016,18102,37118
2026-04-11,2026,4,11,주말,2호선,홍대입구역,95415,105828,201243
2026-04-11,2026,4,11,주말,경의중앙선,홍대입구역,3517,4283,7800
2026-04-11,2026,4,11,주말,공항철도,홍대입구역,23728,21465,45193
2026-04-12,2026,4,12,주말,2호선,홍대입구역,73243,74638,147881
2026-04-12,2026,4,12,주말,경의중앙선,홍대입구역,3074,3485,6559
2026-04-12,2026,4,12,주말,공항철도,홍대입구역,19564,16124,35688
2026-04-13,2026,4,13,평일,2호선,홍대입구역,71846,75037,146883
2026-04-13,2026,4,13,평일,경의중앙선,홍대입구역,2177,2582,4759
2026-04-13,2026,4,13,평일,공항철도,홍대입구역,16955,15042,31997
2026-04-14,2026,4,14,평일,2호선,홍대입구역,71537,74291,145828
2026-04-14,2026,4,14,평일,경의중앙선,홍대입구역,2134,2473,4607
2026-04-14,2026,4,14,평일,공항철도,홍대입구역,15220,14418,29638
2026-04-15,2026,4,15,평일,2호선,홍대입구역,70728,74028,144756
2026-04-15,2026,4,15,평일,경의중앙선,홍대입구역,2249,2496,4745
2026-04-15,2026,4,15,평일,공항철도,홍대입구역,15312,14575,29887
2026-04-16,2026,4,16,평일,2호선,홍대입구역,73318,77418,150736
2026-04-16,2026,4,16,평일,경의중앙선,홍대입구역,2241,2483,4724
2026-04-16,2026,4,16,평일,공항철도,홍대입구역,16107,15629,31736
2026-04-17,2026,4,17,평일,2호선,홍대입구역,79578,86558,166136
2026-04-17,2026,4,17,평일,경의중앙선,홍대입구역,2429,3017,5446
2026-04-17,2026,4,17,평일,공항철도,홍대입구역,18188,17491,35679
2026-04-18,2026,4,18,주말,2호선,홍대입구역,89356,98647,188003
2026-04-18,2026,4,18,주말,경의중앙선,홍대입구역,3092,3614,6706
2026-04-18,2026,4,18,주말,공항철도,홍대입구역,21855,21074,42929
2026-04-19,2026,4,19,주말,2호선,홍대입구역,66841,68203,135044
2026-04-19,2026,4,19,주말,경의중앙선,홍대입구역,2326,2898,5224
2026-04-19,2026,4,19,주말,공항철도,홍대입구역,18121,14850,32971
2026-04-20,2026,4,20,평일,2호선,홍대입구역,67064,69940,137004
2026-04-20,2026,4,20,평일,경의중앙선,홍대입구역,1994,2395,4389
2026-04-20,2026,4,20,평일,공항철도,홍대입구역,15201,13924,29125
2026-04-21,2026,4,21,평일,2호선,홍대입구역,66714,69198,135912
2026-04-21,2026,4,21,평일,경의중앙선,홍대입구역,1992,2268,4260
2026-04-21,2026,4,21,평일,공항철도,홍대입구역,14400,13525,27925
2026-04-22,2026,4,22,평일,2호선,홍대입구역,67948,71120,139068
2026-04-22,2026,4,22,평일,경의중앙선,홍대입구역,2197,2497,4694
2026-04-22,2026,4,22,평일,공항철도,홍대입구역,14616,13994,28610
2026-04-23,2026,4,23,평일,2호선,홍대입구역,73393,77270,150663
2026-04-23,2026,4,23,평일,경의중앙선,홍대입구역,2202,2605,4807
2026-04-23,2026,4,23,평일,공항철도,홍대입구역,15548,15202,30750
2026-04-24,2026,4,24,평일,2호선,홍대입구역,82962,92496,175458
2026-04-24,2026,4,24,평일,경의중앙선,홍대입구역,2583,3112,5695
2026-04-24,2026,4,24,평일,공항철도,홍대입구역,18343,17850,36193
2026-04-25,2026,4,25,주말,2호선,홍대입구역,92264,102794,195058
2026-04-25,2026,4,25,주말,경의중앙선,홍대입구역,3228,4001,7229
2026-04-25,2026,4,25,주말,공항철도,홍대입구역,21922,20899,42821
2026-04-26,2026,4,26,주말,2호선,홍대입구역,71812,73768,145580
2026-04-26,2026,4,26,주말,경의중앙선,홍대입구역,2479,2878,5357
2026-04-26,2026,4,26,주말,공항철도,홍대입구역,17810,15204,33014
2026-04-27,2026,4,27,평일,2호선,홍대입구역,70288,73179,143467
2026-04-27,2026,4,27,평일,경의중앙선,홍대입구역,2080,2351,4431
2026-04-27,2026,4,27,평일,공항철도,홍대입구역,15220,14053,29273
2026-04-28,2026,4,28,평일,2호선,홍대입구역,73117,76488,149605
2026-04-28,2026,4,28,평일,경의중앙선,홍대입구역,2316,2718,5034
2026-04-28,2026,4,28,평일,공항철도,홍대입구역,15607,14817,30424
2026-04-29,2026,4,29,평일,2호선,홍대입구역,75806,79578,155384
2026-04-29,2026,4,29,평일,경의중앙선,홍대입구역,2485,2878,5363
2026-04-29,2026,4,29,평일,공항철도,홍대입구역,15983,15616,31599
2026-04-30,2026,4,30,평일,2호선,홍대입구역,86241,94753,180994
2026-04-30,2026,4,30,평일,경의중앙선,홍대입구역,2824,3230,6054
2026-04-30,2026,4,30,평일,공항철도,홍대입구역,18178,18134,36312
